{
  "info": {
    "name": "Rakamin Evermos Full Collection",
    "schema": "https://schema.getpostman.com/json/collection/v2.1.0/collection.json"
  },
  "item": [
    {
      "name": "Register",
      "request": {
        "method": "POST",
        "header": [
          {
            "key": "Content-Type",
            "value": "application/json"
          }
        ],
        "url": {
          "raw": "http://localhost:8080/api/register",
          "host": [
            "http://localhost:8080"
          ],
          "path": [
            "api",
            "register"
          ]
        },
        "body": {
          "mode": "raw",
          "raw": "{\"name\": \"Mahlida\", \"email\": \"m@example.com\", \"phone\": \"081234\", \"password\": \"pass\"}"
        }
      }
    },
    {
      "name": "Login",
      "request": {
        "method": "POST",
        "header": [
          {
            "key": "Content-Type",
            "value": "application/json"
          }
        ],
        "url": {
          "raw": "http://localhost:8080/api/login",
          "host": [
            "http://localhost:8080"
          ],
          "path": [
            "api",
            "login"
          ]
        },
        "body": {
          "mode": "raw",
          "raw": "{\"email_or_phone\": \"m@example.com\", \"password\": \"pass\"}"
        }
      }
    },
    {
      "name": "Get Profile (me)",
      "request": {
        "method": "GET",
        "header": [],
        "url": {
          "raw": "http://localhost:8080/api/user/me",
          "host": [
            "http://localhost:8080"
          ],
          "path": [
            "api",
            "user",
            "me"
          ]
        }
      }
    },
    {
      "name": "Update Profile (me)",
      "request": {
        "method": "PUT",
        "header": [
          {
            "key": "Content-Type",
            "value": "application/json"
          }
        ],
        "url": {
          "raw": "http://localhost:8080/api/user/me",
          "host": [
            "http://localhost:8080"
          ],
          "path": [
            "api",
            "user",
            "me"
          ]
        },
        "body": {
          "mode": "raw",
          "raw": "{\"name\": \"Mahlida Updated\"}"
        }
      }
    },
    {
      "name": "List Toko",
      "request": {
        "method": "GET",
        "header": [],
        "url": {
          "raw": "http://localhost:8080/api/toko",
          "host": [
            "http://localhost:8080"
          ],
          "path": [
            "api",
            "toko"
          ]
        }
      }
    },
    {
      "name": "Create Toko",
      "request": {
        "method": "POST",
        "header": [
          {
            "key": "Content-Type",
            "value": "application/json"
          }
        ],
        "url": {
          "raw": "http://localhost:8080/api/toko",
          "host": [
            "http://localhost:8080"
          ],
          "path": [
            "api",
            "toko"
          ]
        },
        "body": {
          "mode": "raw",
          "raw": "{\"name\": \"My Toko\", \"address\": \"Jalan\"}"
        }
      }
    },
    {
      "name": "List Kategori",
      "request": {
        "method": "GET",
        "header": [],
        "url": {
          "raw": "http://localhost:8080/api/kategori",
          "host": [
            "http://localhost:8080"
          ],
          "path": [
            "api",
            "kategori"
          ]
        }
      }
    },
    {
      "name": "Create Kategori (admin)",
      "request": {
        "method": "POST",
        "header": [
          {
            "key": "Content-Type",
            "value": "application/json"
          }
        ],
        "url": {
          "raw": "http://localhost:8080/api/kategori",
          "host": [
            "http://localhost:8080"
          ],
          "path": [
            "api",
            "kategori"
          ]
        },
        "body": {
          "mode": "raw",
          "raw": "{\"name\": \"Food\"}"
        }
      }
    },
    {
      "name": "List Produk",
      "request": {
        "method": "GET",
        "header": [],
        "url": {
          "raw": "http://localhost:8080/api/produk",
          "host": [
            "http://localhost:8080"
          ],
          "path": [
            "api",
            "produk"
          ]
        }
      }
    },
    {
      "name": "Create Produk",
      "request": {
        "method": "POST",
        "header": [
          {
            "key": "Content-Type",
            "value": "application/json"
          }
        ],
        "url": {
          "raw": "http://localhost:8080/api/produk",
          "host": [
            "http://localhost:8080"
          ],
          "path": [
            "api",
            "produk"
          ]
        },
        "body": {
          "mode": "raw",
          "raw": "{\"toko_id\": 1, \"kategori_id\": 1, \"name\": \"Kopi\", \"price\": 10000, \"stock\": 10}"
        }
      }
    },
    {
      "name": "Upload File",
      "request": {
        "method": "POST",
        "header": [],
        "url": {
          "raw": "http://localhost:8080/api/produk/upload",
          "host": [
            "http://localhost:8080"
          ],
          "path": [
            "api",
            "produk",
            "upload"
          ]
        }
      }
    },
    {
      "name": "List Alamat",
      "request": {
        "method": "GET",
        "header": [],
        "url": {
          "raw": "http://localhost:8080/api/alamat",
          "host": [
            "http://localhost:8080"
          ],
          "path": [
            "api",
            "alamat"
          ]
        }
      }
    },
    {
      "name": "Create Alamat",
      "request": {
        "method": "POST",
        "header": [
          {
            "key": "Content-Type",
            "value": "application/json"
          }
        ],
        "url": {
          "raw": "http://localhost:8080/api/alamat",
          "host": [
            "http://localhost:8080"
          ],
          "path": [
            "api",
            "alamat"
          ]
        },
        "body": {
          "mode": "raw",
          "raw": "{\"label\": \"Rumah\", \"province\": \"Jawa\", \"city\": \"Banjarmasin\", \"address\": \"Jalan\"}"
        }
      }
    },
    {
      "name": "Create Transaksi",
      "request": {
        "method": "POST",
        "header": [
          {
            "key": "Content-Type",
            "value": "application/json"
          }
        ],
        "url": {
          "raw": "http://localhost:8080/api/transaksi",
          "host": [
            "http://localhost:8080"
          ],
          "path": [
            "api",
            "transaksi"
          ]
        },
        "body": {
          "mode": "raw",
          "raw": "{\"details\": [{\"produk_id\": 1, \"qty\": 1}]}"
        }
      }
    },
    {
      "name": "List Transaksi",
      "request": {
        "method": "GET",
        "header": [],
        "url": {
          "raw": "http://localhost:8080/api/transaksi",
          "host": [
            "http://localhost:8080"
          ],
          "path": [
            "api",
            "transaksi"
          ]
        }
      }
    }
  ]
}